semantic,selection,masked_scale_count,original_direction,original_boundary,n,mean,q25,q75
object,earliest,0,prefix,0,50,0.0,0.0,0.0
object,earliest,1,prefix,1,50,0.12376871925778687,0.0424780547618866,0.20587100461125374
object,earliest,2,prefix,2,50,0.1472109402762726,0.06257107760757208,0.21000881865620613
object,earliest,3,prefix,3,50,0.15057133102789522,0.058925965800881386,0.21782109513878822
object,earliest,4,prefix,4,50,0.13042973831295968,0.051796263083815575,0.20643168315291405
object,earliest,5,prefix,5,50,0.13233669873792678,0.04562427755445242,0.18861720338463783
object,earliest,6,prefix,6,50,0.14140080146491527,0.07464686594903469,0.19855867698788643
object,earliest,7,prefix,7,50,0.1377925472514471,0.06527150981128216,0.1998857632279396
object,earliest,8,prefix,8,50,0.13728442634339444,0.05582941044121981,0.19843925908207893
object,earliest,9,prefix,9,50,0.1379459822154604,0.05698980391025543,0.19814346358180046
object,earliest,10,prefix,10,50,0.1378442035894841,0.0575814638286829,0.19881631806492805
object,latest,0,suffix,10,50,0.0,0.0,0.0
object,latest,1,suffix,9,50,0.0032676372991409155,0.001492509851232171,0.004591799923218787
object,latest,2,suffix,8,50,0.022482993872836234,0.013263383181765676,0.02960707526654005
object,latest,3,suffix,7,50,0.04726281481795013,0.020380154717713594,0.06819582916796207
object,latest,4,suffix,6,50,0.07961258308496326,0.04533707816153765,0.11530542559921741
object,latest,5,suffix,5,50,0.09557385822758079,0.04413739591836929,0.14256881922483444
object,latest,6,suffix,4,50,0.11889073201455176,0.05651606898754835,0.16324354708194733
object,latest,7,suffix,3,50,0.11729544898029416,0.061313968151807785,0.16689004376530647
object,latest,8,suffix,2,50,0.14076052104705014,0.07544549368321896,0.2084484100341797
object,latest,9,suffix,1,50,0.1514617813937366,0.059565573930740356,0.20840270444750786
object,latest,10,suffix,0,50,0.1378442035894841,0.0575814638286829,0.19881631806492805
color,earliest,0,prefix,0,50,0.0,0.0,0.0
color,earliest,1,prefix,1,50,0.11872061111964285,0.05309213325381279,0.16843274980783463
color,earliest,2,prefix,2,50,0.11555591369979083,0.05473880376666784,0.16020866483449936
color,earliest,3,prefix,3,50,0.13247883634641766,0.06041279714554548,0.1708259880542755
color,earliest,4,prefix,4,50,0.13930167780257763,0.0522375488653779,0.19568653404712677
color,earliest,5,prefix,5,50,0.13892551995813845,0.051786147989332676,0.19512996450066566
color,earliest,6,prefix,6,50,0.1426420515216887,0.06063094362616539,0.18599830567836761
color,earliest,7,prefix,7,50,0.14347919588442892,0.08098015561699867,0.1855221912264824
color,earliest,8,prefix,8,50,0.14478957458399236,0.07424081303179264,0.18798549845814705
color,earliest,9,prefix,9,50,0.14409594305092469,0.07418705523014069,0.18978719785809517
color,earliest,10,prefix,10,50,0.14396725840168073,0.07456216961145401,0.18977589532732964
color,latest,0,suffix,10,50,0.0,0.0,0.0
color,latest,1,suffix,9,50,0.003308814549818635,0.0017290192190557718,0.004992572357878089
color,latest,2,suffix,8,50,0.019337250236421823,0.009302763035520911,0.029685277491807938
color,latest,3,suffix,7,50,0.04402926258277148,0.0200178362429142,0.06178364343941212
color,latest,4,suffix,6,50,0.08513059753924608,0.05959733482450247,0.11575979925692081
color,latest,5,suffix,5,50,0.10698650981299579,0.058322690427303314,0.14240075647830963
color,latest,6,suffix,4,50,0.10426683761179448,0.05574633460491896,0.14111345633864403
color,latest,7,suffix,3,50,0.12899326792918145,0.05883442983031273,0.17180921882390976
color,latest,8,suffix,2,50,0.12963383058202452,0.06030171737074852,0.17035990953445435
color,latest,9,suffix,1,50,0.1351928216032684,0.07636966183781624,0.17795949429273605
color,latest,10,suffix,0,50,0.14396725840168073,0.07456216961145401,0.18977589532732964
shape,earliest,0,prefix,0,50,0.0,0.0,0.0
shape,earliest,1,prefix,1,50,0.11783086005132645,0.048315505497157574,0.15576007962226868
shape,earliest,2,prefix,2,50,0.15751036222092807,0.05421147495508194,0.23458926007151604
shape,earliest,3,prefix,3,50,0.14432489268714563,0.04545379616320133,0.22384091094136238
shape,earliest,4,prefix,4,50,0.13767996951006353,0.04055267293006182,0.20184965431690216
shape,earliest,5,prefix,5,50,0.13815527310594916,0.05618173535913229,0.19320808351039886
shape,earliest,6,prefix,6,50,0.13881852535530925,0.05309561546891928,0.189749114215374
shape,earliest,7,prefix,7,50,0.13785751383751632,0.05176743306219578,0.17822615429759026
shape,earliest,8,prefix,8,50,0.1401633819192648,0.060700202360749245,0.18155863881111145
shape,earliest,9,prefix,9,50,0.14016731867566704,0.06120563670992851,0.17945102229714394
shape,earliest,10,prefix,10,50,0.14026824422180653,0.06255203392356634,0.17919209972023964
shape,latest,0,suffix,10,50,0.0,0.0,0.0
shape,latest,1,suffix,9,50,0.0027702084684278817,0.0011289142130408436,0.0036576590500772
shape,latest,2,suffix,8,50,0.02234607848804444,0.013616817072033882,0.02845623902976513
shape,latest,3,suffix,7,50,0.0465272594243288,0.024706780910491943,0.06853667832911015
shape,latest,4,suffix,6,50,0.07652475057635456,0.04296757932752371,0.1104075014591217
shape,latest,5,suffix,5,50,0.1033851835783571,0.06169785372912884,0.13427187502384186
shape,latest,6,suffix,4,50,0.10147397568216547,0.050251951441168785,0.13645383715629578
shape,latest,7,suffix,3,50,0.11648557567445096,0.046657171100378036,0.16518577933311462
shape,latest,8,suffix,2,50,0.159093575081788,0.05979778245091438,0.2534315213561058
shape,latest,9,suffix,1,50,0.15427001854404807,0.058706337586045265,0.24054508283734322
shape,latest,10,suffix,0,50,0.14026824422180653,0.06255203392356634,0.17919209972023964
texture,earliest,0,prefix,0,50,0.0,0.0,0.0
texture,earliest,1,prefix,1,50,0.12811551336897536,0.024641324765980244,0.1577226221561432
texture,earliest,2,prefix,2,50,0.1390370763093233,0.04132180102169514,0.21202459186315536
texture,earliest,3,prefix,3,50,0.13348447320517154,0.0459922980517149,0.1995987892150879
texture,earliest,4,prefix,4,50,0.13713804845232516,0.030805999413132668,0.20856549963355064
texture,earliest,5,prefix,5,50,0.1440542059368454,0.05757637694478035,0.2186185084283352
texture,earliest,6,prefix,6,50,0.13081833431497217,0.025667378213256598,0.20590616762638092
texture,earliest,7,prefix,7,50,0.14275249969214202,0.06678859330713749,0.2114451490342617
texture,earliest,8,prefix,8,50,0.1395315862284042,0.0517691895365715,0.21255804225802422
texture,earliest,9,prefix,9,50,0.14133900467306376,0.04644912388175726,0.21078018844127655
texture,earliest,10,prefix,10,50,0.14134930666536094,0.04683067463338375,0.213174507021904
texture,latest,0,suffix,10,50,0.0,0.0,0.0
texture,latest,1,suffix,9,50,0.003642991810338572,0.002071478869765997,0.0047174443025141954
texture,latest,2,suffix,8,50,0.021952858968870715,0.013330894988030195,0.026297245174646378
texture,latest,3,suffix,7,50,0.04213628924684599,0.01967848977074027,0.059171149507164955
texture,latest,4,suffix,6,50,0.06957123881205916,0.03695744648575783,0.10171539336442947
texture,latest,5,suffix,5,50,0.09651329951360822,0.05010803136974573,0.1478998176753521
texture,latest,6,suffix,4,50,0.10980381540954114,0.05538311693817377,0.1515619456768036
texture,latest,7,suffix,3,50,0.13424914297647775,0.06415979936718941,0.2178325019776821
texture,latest,8,suffix,2,50,0.15076653564348816,0.060434697195887566,0.23393644392490387
texture,latest,9,suffix,1,50,0.1438072391413152,0.05393509939312935,0.20991741865873337
texture,latest,10,suffix,0,50,0.14134930666536094,0.04683067463338375,0.213174507021904
count,earliest,0,prefix,0,50,0.0,0.0,0.0
count,earliest,1,prefix,1,50,0.14289777111262084,0.06800328381359577,0.17946548387408257
count,earliest,2,prefix,2,50,0.18270003646612168,0.08619899302721024,0.2616640366613865
count,earliest,3,prefix,3,50,0.1960573076363653,0.0915344450622797,0.28952183574438095
count,earliest,4,prefix,4,50,0.1818662006780505,0.07882226444780827,0.24445917829871178
count,earliest,5,prefix,5,50,0.18801249230280517,0.0851003285497427,0.26543884724378586
count,earliest,6,prefix,6,50,0.1864275434240699,0.0815560631453991,0.265080951154232
count,earliest,7,prefix,7,50,0.18967812107875942,0.08513437584042549,0.26904381811618805
count,earliest,8,prefix,8,50,0.1893152470141649,0.0899286288768053,0.26479168981313705
count,earliest,9,prefix,9,50,0.18826270379126073,0.0811211708933115,0.2622213587164879
count,earliest,10,prefix,10,50,0.18818925919011234,0.08043866604566574,0.26192211359739304
count,latest,0,suffix,10,50,0.0,0.0,0.0
count,latest,1,suffix,9,50,0.004261059481650591,0.0023698799195699394,0.00582154409494251
count,latest,2,suffix,8,50,0.025228686986956746,0.01472316775470972,0.03457583952695131
count,latest,3,suffix,7,50,0.0616687292791903,0.02875309670343995,0.08896877616643906
count,latest,4,suffix,6,50,0.09737693293020129,0.06833249516785145,0.13098383322358131
count,latest,5,suffix,5,50,0.10618302948772908,0.07238314859569073,0.13710400089621544
count,latest,6,suffix,4,50,0.13508925633504987,0.0760906171053648,0.17876067012548447
count,latest,7,suffix,3,50,0.14590031628031283,0.07269911468029022,0.20879362896084785
count,latest,8,suffix,2,50,0.14752413749694823,0.06701809354126453,0.21138614416122437
count,latest,9,suffix,1,50,0.20019948810338975,0.09061740711331367,0.2646019980311394
count,latest,10,suffix,0,50,0.18818925919011234,0.08043866604566574,0.26192211359739304
spatial_relation,earliest,0,prefix,0,50,0.0,0.0,0.0
spatial_relation,earliest,1,prefix,1,50,0.12028918700525537,0.055688632652163506,0.1721714586019516
spatial_relation,earliest,2,prefix,2,50,0.12306783765554428,0.07388703338801861,0.15311187133193016
spatial_relation,earliest,3,prefix,3,50,0.1318728556856513,0.07020020857453346,0.15057235956192017
spatial_relation,earliest,4,prefix,4,50,0.11885772084817291,0.03805011045187712,0.16484234482049942
spatial_relation,earliest,5,prefix,5,50,0.13345072642434389,0.0701733585447073,0.17710914090275764
spatial_relation,earliest,6,prefix,6,50,0.13307604286819696,0.06139924190938473,0.1726515032351017
spatial_relation,earliest,7,prefix,7,50,0.13452802596148103,0.06762958876788616,0.17596372589468956
spatial_relation,earliest,8,prefix,8,50,0.13322081440943292,0.06287250202149153,0.17562183365225792
spatial_relation,earliest,9,prefix,9,50,0.13364032668992876,0.06437174417078495,0.18098002672195435
spatial_relation,earliest,10,prefix,10,50,0.13364921687170864,0.06359003018587828,0.18024644255638123
spatial_relation,latest,0,suffix,10,50,0.0,0.0,0.0
spatial_relation,latest,1,suffix,9,50,0.0028996336698764937,0.001527017739135772,0.004118742537684739
spatial_relation,latest,2,suffix,8,50,0.020954722355818377,0.009727864991873503,0.029681571759283543
spatial_relation,latest,3,suffix,7,50,0.050460163946263493,0.028940838761627674,0.07383726164698601
spatial_relation,latest,4,suffix,6,50,0.07601466592401267,0.04002844449132681,0.0987801868468523
spatial_relation,latest,5,suffix,5,50,0.09934694018214942,0.05077624227851629,0.1350068263709545
spatial_relation,latest,6,suffix,4,50,0.114151351749897,0.06226431019604206,0.16913438215851784
spatial_relation,latest,7,suffix,3,50,0.12341478525660932,0.05050932057201862,0.17449146136641502
spatial_relation,latest,8,suffix,2,50,0.10965093836188317,0.03517210762947798,0.15980129688978195
spatial_relation,latest,9,suffix,1,50,0.12883462592959405,0.07064160518348217,0.16727419942617416
spatial_relation,latest,10,suffix,0,50,0.13364921687170864,0.06359003018587828,0.18024644255638123
