semantic,direction,boundary,n,mean,median,q25,q75,min,max,up,down,unchanged
object,prefix,0,50,0.0,0.0,0.0,0.0,0.0,0.0,0,0,50
object,prefix,1,50,0.006255276203155517,0.004176706075668335,-0.006328567862510681,0.019422903656959534,-0.08362263441085815,0.06283003091812134,34,16,0
object,prefix,2,50,0.0058340322971344,0.00026476383209228516,-0.011180803179740906,0.01944756507873535,-0.051878154277801514,0.10238075256347656,25,25,0
object,prefix,3,50,0.0031257009506225585,0.005881547927856445,-0.012812331318855286,0.017629608511924744,-0.08392155170440674,0.13408857583999634,26,24,0
object,prefix,4,50,0.004202418327331543,0.005843788385391235,-0.011530667543411255,0.016033068299293518,-0.05840510129928589,0.09484368562698364,28,22,0
object,prefix,5,50,0.005042928457260132,0.0034578442573547363,-0.010482579469680786,0.018091335892677307,-0.0702257752418518,0.09602349996566772,28,22,0
object,prefix,6,50,0.011563981771469117,0.007564067840576172,-0.006307095289230347,0.032484278082847595,-0.06627857685089111,0.09083390235900879,32,18,0
object,prefix,7,50,0.008265517950057984,0.00952613353729248,-0.004372596740722656,0.026452720165252686,-0.11072832345962524,0.0972105860710144,33,16,1
object,prefix,8,50,0.0074573540687561035,0.005964756011962891,-0.012416094541549683,0.019670218229293823,-0.07862651348114014,0.0972105860710144,33,17,0
object,prefix,9,50,0.008637529611587525,0.00742793083190918,-0.006421193480491638,0.02322430908679962,-0.055930912494659424,0.10661089420318604,30,20,0
object,prefix,10,50,0.005596307516098023,0.0010234713554382324,-0.006261557340621948,0.019617781043052673,-0.055626094341278076,0.08351725339889526,28,22,0
object,suffix,0,50,0.005596307516098023,0.0010234713554382324,-0.006261557340621948,0.019617781043052673,-0.055626094341278076,0.08351725339889526,28,22,0
object,suffix,1,50,0.0036959362030029295,0.006509184837341309,-0.006696537137031555,0.020748138427734375,-0.07769948244094849,0.050215303897857666,33,17,0
object,suffix,2,50,-0.0008034348487854004,0.0027988851070404053,-0.012496903538703918,0.00941292941570282,-0.05046188831329346,0.05801039934158325,28,22,0
object,suffix,3,50,-0.0008334517478942871,-0.001567065715789795,-0.0173255056142807,0.015137791633605957,-0.09091788530349731,0.05219382047653198,24,26,0
object,suffix,4,50,0.005044628381729126,0.002035677433013916,-0.00807863473892212,0.015724092721939087,-0.043758273124694824,0.04961138963699341,28,22,0
object,suffix,5,50,-0.0006541383266448975,0.004179179668426514,-0.014797300100326538,0.010392367839813232,-0.05298030376434326,0.04234570264816284,30,20,0
object,suffix,6,50,5.148887634277344e-05,0.0015282034873962402,-0.01439802348613739,0.01710754632949829,-0.08361196517944336,0.05547970533370972,26,24,0
object,suffix,7,50,-0.0003389763832092285,-0.0005875229835510254,-0.008532151579856873,0.011267527937889099,-0.07115501165390015,0.04061490297317505,22,26,2
object,suffix,8,50,0.0002481579780578613,-0.0005607306957244873,-0.006862819194793701,0.007283911108970642,-0.0244443416595459,0.05262070894241333,23,26,1
object,suffix,9,50,0.000498344898223877,-0.00013715028762817383,-0.0029818564653396606,0.0049714595079422,-0.014250695705413818,0.015903830528259277,23,25,2
object,suffix,10,50,0.0,0.0,0.0,0.0,0.0,0.0,0,0,50
color,prefix,0,50,0.0,0.0,0.0,0.0,0.0,0.0,0,0,50
color,prefix,1,50,0.005437895059585572,0.0016093850135803223,-0.005581080913543701,0.013845756649971008,-0.04417765140533447,0.12653422355651855,29,20,1
color,prefix,2,50,0.003648463487625122,0.000451892614364624,-0.00881388783454895,0.014924556016921997,-0.08567076921463013,0.10628712177276611,26,24,0
color,prefix,3,50,0.005859601497650147,0.006148487329483032,-0.010682731866836548,0.020909085869789124,-0.05130207538604736,0.12552404403686523,30,20,0
color,prefix,4,50,0.001747763156890869,0.0030537843704223633,-0.014907076954841614,0.01565857231616974,-0.0718461275100708,0.08274292945861816,28,22,0
color,prefix,5,50,0.0005915844440460205,0.0007192492485046387,-0.011834710836410522,0.014526665210723877,-0.07489192485809326,0.11628425121307373,27,23,0
color,prefix,6,50,-0.00022423624992370605,-0.0018157660961151123,-0.016346067190170288,0.013345062732696533,-0.06538182497024536,0.14648139476776123,22,28,0
color,prefix,7,50,0.0038816297054290773,0.008041203022003174,-0.013476952910423279,0.019020110368728638,-0.06780058145523071,0.1235969066619873,29,21,0
color,prefix,8,50,0.0020026755332946777,0.004049241542816162,-0.01961781084537506,0.023053765296936035,-0.06363356113433838,0.08806955814361572,29,21,0
color,prefix,9,50,0.003148620128631592,0.002491682767868042,-0.01615414023399353,0.023497983813285828,-0.07372784614562988,0.08309018611907959,29,21,0
color,prefix,10,50,0.0032182240486145017,0.003363996744155884,-0.014846637845039368,0.025602728128433228,-0.07777184247970581,0.08934694528579712,27,23,0
color,suffix,0,50,0.0032182240486145017,0.003363996744155884,-0.014846637845039368,0.025602728128433228,-0.07777184247970581,0.08934694528579712,27,23,0
color,suffix,1,50,0.002457857131958008,0.0004926621913909912,-0.01823998987674713,0.022346705198287964,-0.057920634746551514,0.0990908145904541,25,25,0
color,suffix,2,50,0.0003428316116333008,-0.002326071262359619,-0.013739243149757385,0.01567058265209198,-0.06221562623977661,0.0447843074798584,24,26,0
color,suffix,3,50,0.0040001988410949705,0.0012741684913635254,-0.010752305388450623,0.013837218284606934,-0.0655469298362732,0.06417381763458252,27,23,0
color,suffix,4,50,0.0011584424972534179,0.0016588568687438965,-0.014080062508583069,0.012407094240188599,-0.048574090003967285,0.07224833965301514,27,23,0
color,suffix,5,50,0.002248262166976929,0.0008165538311004639,-0.013682693243026733,0.015234246850013733,-0.04188692569732666,0.058277249336242676,27,23,0
color,suffix,6,50,0.005529597997665405,0.0029274821281433105,-0.008447244763374329,0.01869601011276245,-0.05237603187561035,0.13035833835601807,27,23,0
color,suffix,7,50,0.0036401438713073732,0.0037682950496673584,-0.00984811782836914,0.013751879334449768,-0.02619612216949463,0.06388449668884277,27,22,1
color,suffix,8,50,-0.0013595247268676758,-0.0019246339797973633,-0.010949388146400452,0.006654426455497742,-0.034951090812683105,0.031464219093322754,23,27,0
color,suffix,9,50,-6.270289421081543e-05,0.0,-0.002974271774291992,0.0026523321866989136,-0.018286168575286865,0.019439637660980225,24,24,2
color,suffix,10,50,0.0,0.0,0.0,0.0,0.0,0.0,0,0,50
shape,prefix,0,50,0.0,0.0,0.0,0.0,0.0,0.0,0,0,50
shape,prefix,1,50,-0.0022007572650909425,-0.0011261701583862305,-0.01107574999332428,0.009869620203971863,-0.07354557514190674,0.05424225330352783,24,26,0
shape,prefix,2,50,-0.0025785517692565917,-0.0027303993701934814,-0.01863117516040802,0.011676982045173645,-0.060467302799224854,0.06047457456588745,23,27,0
shape,prefix,3,50,-0.0002850031852722168,-0.0016601979732513428,-0.013631507754325867,0.018572404980659485,-0.07477420568466187,0.044135332107543945,24,26,0
shape,prefix,4,50,0.0020889663696289063,0.0007841885089874268,-0.007158651947975159,0.014963299036026001,-0.0581669807434082,0.05019503831863403,27,23,0
shape,prefix,5,50,-0.0009584414958953857,0.0038070976734161377,-0.010722488164901733,0.012803301215171814,-0.10032904148101807,0.041126787662506104,28,22,0
shape,prefix,6,50,3.1142234802246095e-05,0.006480544805526733,-0.011191025376319885,0.015981227159500122,-0.10292840003967285,0.05597281455993652,29,21,0
shape,prefix,7,50,-0.00025083780288696287,-0.0009251534938812256,-0.012792706489562988,0.017076507210731506,-0.07587099075317383,0.05721467733383179,23,27,0
shape,prefix,8,50,0.0007145249843597412,-0.0006930828094482422,-0.012114018201828003,0.01340031623840332,-0.06675690412521362,0.06997281312942505,25,25,0
shape,prefix,9,50,0.0009533905982971191,0.00025275349617004395,-0.014525249600410461,0.01534600555896759,-0.06742089986801147,0.06605494022369385,25,25,0
shape,prefix,10,50,-2.5393962860107423e-05,-0.0008004307746887207,-0.014671847224235535,0.01476895809173584,-0.0724223256111145,0.06675589084625244,23,27,0
shape,suffix,0,50,-2.5393962860107423e-05,-0.0008004307746887207,-0.014671847224235535,0.01476895809173584,-0.0724223256111145,0.06675589084625244,23,27,0
shape,suffix,1,50,0.0018546247482299804,0.0023077726364135742,-0.008245676755905151,0.011037871241569519,-0.04090988636016846,0.04519975185394287,28,22,0
shape,suffix,2,50,-0.00013140439987182617,-0.0006799101829528809,-0.011510491371154785,0.008585557341575623,-0.0904989242553711,0.05173683166503906,23,27,0
shape,suffix,3,50,0.003187611103057861,0.005798757076263428,-0.004845127463340759,0.015047073364257812,-0.07271027565002441,0.05430358648300171,29,21,0
shape,suffix,4,50,0.0033895909786224366,0.004214882850646973,-0.007407128810882568,0.013477176427841187,-0.05909532308578491,0.06504231691360474,29,21,0
shape,suffix,5,50,0.0033536410331726075,0.006065815687179565,-0.011591389775276184,0.017567738890647888,-0.06547653675079346,0.0728607177734375,30,20,0
shape,suffix,6,50,0.0016363906860351564,0.001962423324584961,-0.010091125965118408,0.011016055941581726,-0.03842949867248535,0.046563565731048584,28,22,0
shape,suffix,7,50,-0.00022266507148742675,-0.0002522766590118408,-0.00676003098487854,0.008826106786727905,-0.05437272787094116,0.051608145236968994,25,25,0
shape,suffix,8,50,0.0012552034854888916,0.0012691617012023926,-0.004700586199760437,0.007059067487716675,-0.02452850341796875,0.023641645908355713,30,20,0
shape,suffix,9,50,-6.628751754760742e-05,7.802248001098633e-05,-0.00283128023147583,0.0027768462896347046,-0.010619878768920898,0.008649885654449463,25,24,1
shape,suffix,10,50,0.0,0.0,0.0,0.0,0.0,0.0,0,0,50
texture,prefix,0,50,0.0,0.0,0.0,0.0,0.0,0.0,0,0,50
texture,prefix,1,50,0.0039487481117248535,-0.0017412006855010986,-0.007607385516166687,0.012695357203483582,-0.03706568479537964,0.06664162874221802,24,26,0
texture,prefix,2,50,-0.0004871129989624023,-0.0024453699588775635,-0.012375414371490479,0.01106572151184082,-0.048734843730926514,0.06920802593231201,22,28,0
texture,prefix,3,50,0.005758861303329468,0.00406685471534729,-0.004221752285957336,0.018627449870109558,-0.05348658561706543,0.05304372310638428,33,17,0
texture,prefix,4,50,0.005232517719268799,0.005478262901306152,-0.007183507084846497,0.01638980209827423,-0.035806477069854736,0.04856371879577637,32,18,0
texture,prefix,5,50,0.005700112581253052,0.0032340586185455322,-0.007758468389511108,0.016405820846557617,-0.03598630428314209,0.07438105344772339,30,20,0
texture,prefix,6,50,-0.0004991734027862549,-0.0018696188926696777,-0.01541978120803833,0.010140731930732727,-0.04665416479110718,0.061874210834503174,23,27,0
texture,prefix,7,50,0.0036889255046844483,-0.00015395879745483398,-0.011283710598945618,0.01853574812412262,-0.04547536373138428,0.10496276617050171,25,25,0
texture,prefix,8,50,0.0020870840549468994,0.004219412803649902,-0.007205337285995483,0.014102473855018616,-0.0659710168838501,0.054616332054138184,30,20,0
texture,prefix,9,50,0.0018966889381408691,0.002081751823425293,-0.011338114738464355,0.012848332524299622,-0.05935788154602051,0.07368427515029907,27,23,0
texture,prefix,10,50,0.0013823068141937255,0.00033086538314819336,-0.011048629879951477,0.016114935278892517,-0.06468892097473145,0.07235169410705566,25,25,0
texture,suffix,0,50,0.0013823068141937255,0.00033086538314819336,-0.011048629879951477,0.016114935278892517,-0.06468892097473145,0.07235169410705566,25,25,0
texture,suffix,1,50,0.0011676836013793945,0.0009897351264953613,-0.01200711727142334,0.016140714287757874,-0.04673105478286743,0.05018460750579834,26,24,0
texture,suffix,2,50,-0.0012781810760498047,-0.004151463508605957,-0.018314167857170105,0.010660141706466675,-0.0469551682472229,0.07106173038482666,21,29,0
texture,suffix,3,50,-0.0012636780738830566,-0.0004361867904663086,-0.013268634676933289,0.00908149778842926,-0.06652915477752686,0.07717263698577881,24,26,0
texture,suffix,4,50,0.0016900098323822021,0.00046309828758239746,-0.010724470019340515,0.00937129557132721,-0.07168477773666382,0.07206320762634277,27,23,0
texture,suffix,5,50,-0.0009804165363311767,0.0030916035175323486,-0.010182276368141174,0.013210639357566833,-0.07732093334197998,0.03561514616012573,28,22,0
texture,suffix,6,50,0.0027262043952941896,0.0033764541149139404,-0.006285175681114197,0.011739835143089294,-0.051387786865234375,0.05893760919570923,28,22,0
texture,suffix,7,50,0.00041511297225952146,0.001414954662322998,-0.0050048381090164185,0.009808376431465149,-0.04456043243408203,0.04087918996810913,27,23,0
texture,suffix,8,50,-0.003462367057800293,-0.004385024309158325,-0.01010805368423462,0.004086941480636597,-0.03454875946044922,0.034509479999542236,21,29,0
texture,suffix,9,50,-0.0005417609214782715,0.00023251771926879883,-0.0034451931715011597,0.002741485834121704,-0.016116976737976074,0.01969313621520996,27,22,1
texture,suffix,10,50,0.0,0.0,0.0,0.0,0.0,0.0,0,0,50
count,prefix,0,50,0.0,0.0,0.0,0.0,0.0,0.0,0,0,50
count,prefix,1,50,-0.006655483245849609,-0.006245225667953491,-0.017787054181098938,0.0051918625831604,-0.06736493110656738,0.07360637187957764,18,32,0
count,prefix,2,50,-0.0053396236896514895,-8.624792098999023e-05,-0.018347278237342834,0.012721195816993713,-0.1054195761680603,0.04202568531036377,25,25,0
count,prefix,3,50,-0.007094517946243286,-0.00392720103263855,-0.018069475889205933,0.00927095115184784,-0.11764019727706909,0.08104550838470459,18,32,0
count,prefix,4,50,-0.0070999467372894285,-0.004105657339096069,-0.023152679204940796,0.007971078157424927,-0.06467068195343018,0.08223223686218262,21,29,0
count,prefix,5,50,-0.007912912368774415,-0.004619777202606201,-0.02091650664806366,0.012010529637336731,-0.10929274559020996,0.07626223564147949,21,29,0
count,prefix,6,50,-0.005397583246231079,-0.007912606000900269,-0.024624109268188477,0.01007409393787384,-0.08665615320205688,0.10512322187423706,17,33,0
count,prefix,7,50,-0.012406831979751587,-0.005741983652114868,-0.026689544320106506,0.002155214548110962,-0.09544920921325684,0.05060744285583496,17,33,0
count,prefix,8,50,-0.01325048804283142,-0.007815331220626831,-0.03552892804145813,0.002779334783554077,-0.0923614501953125,0.09277981519699097,15,35,0
count,prefix,9,50,-0.010996299982070922,-0.009604483842849731,-0.03683595359325409,0.005896374583244324,-0.07973015308380127,0.09948140382766724,15,35,0
count,prefix,10,50,-0.01157808780670166,-0.009672880172729492,-0.03269095718860626,0.007630258798599243,-0.08095711469650269,0.09806710481643677,16,34,0
count,suffix,0,50,-0.01157808780670166,-0.009672880172729492,-0.03269095718860626,0.007630258798599243,-0.08095711469650269,0.09806710481643677,16,34,0
count,suffix,1,50,-0.008386539220809936,-0.005600184202194214,-0.02113543450832367,0.01147758960723877,-0.08077293634414673,0.06123936176300049,20,30,0
count,suffix,2,50,-0.007186421155929565,-0.0067483484745025635,-0.020368576049804688,0.007550269365310669,-0.07826781272888184,0.0480806827545166,20,30,0
count,suffix,3,50,-0.007050989866256714,-0.0017316639423370361,-0.016513317823410034,0.006265699863433838,-0.09463673830032349,0.048388659954071045,21,29,0
count,suffix,4,50,-0.012793951034545899,-0.0054427385330200195,-0.031667113304138184,0.002372249960899353,-0.095264732837677,0.028799712657928467,17,33,0
count,suffix,5,50,-0.004422892332077027,-0.006911724805831909,-0.019474506378173828,0.011003866791725159,-0.05741685628890991,0.04115492105484009,23,27,0
count,suffix,6,50,-0.008024158477783204,-0.005798697471618652,-0.01612699031829834,0.0007274746894836426,-0.06072342395782471,0.0378572940826416,15,35,0
count,suffix,7,50,0.0006484651565551758,0.0016697943210601807,-0.0073282718658447266,0.014242574572563171,-0.0545005202293396,0.03981274366378784,26,24,0
count,suffix,8,50,-0.002218447923660278,0.00014957785606384277,-0.007194086909294128,0.0048642754554748535,-0.036767005920410156,0.01745128631591797,25,24,1
count,suffix,9,50,0.0006371188163757324,0.0002873241901397705,-0.0037007927894592285,0.003666028380393982,-0.015649616718292236,0.02729588747024536,26,21,3
count,suffix,10,50,0.0,0.0,0.0,0.0,0.0,0.0,0,0,50
spatial_relation,prefix,0,50,0.0,0.0,0.0,0.0,0.0,0.0,0,0,50
spatial_relation,prefix,1,50,0.007908512353897095,0.004156380891799927,-0.00907367467880249,0.017962202429771423,-0.05437290668487549,0.09440481662750244,30,20,0
spatial_relation,prefix,2,50,0.006964013576507568,0.004263162612915039,-0.010189592838287354,0.020310178399086,-0.033387064933776855,0.07033538818359375,28,22,0
spatial_relation,prefix,3,50,0.00434063196182251,0.0036201775074005127,-0.006607875227928162,0.013142034411430359,-0.052119433879852295,0.08675539493560791,29,21,0
spatial_relation,prefix,4,50,0.00540554404258728,-0.0006642341613769531,-0.009093254804611206,0.016890019178390503,-0.08120989799499512,0.118277907371521,23,27,0
spatial_relation,prefix,5,50,0.005811548233032227,0.003213733434677124,-0.008137062191963196,0.0172453373670578,-0.04888284206390381,0.060449957847595215,29,21,0
spatial_relation,prefix,6,50,0.0035695314407348635,-0.001891404390335083,-0.013207390904426575,0.01455850899219513,-0.04666489362716675,0.0686693787574768,23,27,0
spatial_relation,prefix,7,50,-0.0006907439231872559,-0.000140458345413208,-0.021719947457313538,0.012379735708236694,-0.06478381156921387,0.08389830589294434,25,25,0
spatial_relation,prefix,8,50,0.0012943291664123536,0.006441891193389893,-0.01566500961780548,0.014054283499717712,-0.09901046752929688,0.08459746837615967,28,22,0
spatial_relation,prefix,9,50,-0.00026949048042297364,0.0025802552700042725,-0.01768718659877777,0.018430575728416443,-0.10208642482757568,0.09102106094360352,26,24,0
spatial_relation,prefix,10,50,0.0009081482887268067,0.0041291117668151855,-0.021868228912353516,0.02035704255104065,-0.1075965166091919,0.09389138221740723,27,23,0
spatial_relation,suffix,0,50,0.0009081482887268067,0.0041291117668151855,-0.021868228912353516,0.02035704255104065,-0.1075965166091919,0.09389138221740723,27,23,0
spatial_relation,suffix,1,50,0.002446439266204834,0.004308789968490601,-0.012538060545921326,0.01711142063140869,-0.06182581186294556,0.049072980880737305,30,20,0
spatial_relation,suffix,2,50,0.002172396183013916,0.00167083740234375,-0.009274020791053772,0.0148191899061203,-0.03975880146026611,0.044326722621917725,26,24,0
spatial_relation,suffix,3,50,0.003577214479446411,0.0017313361167907715,-0.015176743268966675,0.020908936858177185,-0.04174107313156128,0.055700600147247314,27,23,0
spatial_relation,suffix,4,50,0.0019330883026123047,0.001532047986984253,-0.011068388819694519,0.016104504466056824,-0.06164693832397461,0.056101083755493164,28,22,0
spatial_relation,suffix,5,50,0.0016275393962860108,0.002991199493408203,-0.013829797506332397,0.013457000255584717,-0.041737258434295654,0.08422595262527466,26,24,0
spatial_relation,suffix,6,50,0.0016905045509338378,0.00228002667427063,-0.006930172443389893,0.012156575918197632,-0.10202217102050781,0.07610267400741577,28,22,0
spatial_relation,suffix,7,50,0.00214777946472168,0.0020271241664886475,-0.0067986249923706055,0.00993463397026062,-0.045663416385650635,0.04845023155212402,27,23,0
spatial_relation,suffix,8,50,0.0002813756465911865,-0.0006970763206481934,-0.0060576945543289185,0.0049239397048950195,-0.01910686492919922,0.031044423580169678,23,27,0
spatial_relation,suffix,9,50,-0.00013822793960571289,0.000376284122467041,-0.002486109733581543,0.0024306029081344604,-0.02749568223953247,0.010223150253295898,25,23,2
spatial_relation,suffix,10,50,0.0,0.0,0.0,0.0,0.0,0.0,0,0,50
