semantic,metric,direction,boundary,n,mean,q25,q75,mean_clipscore_drop
object,lpips,prefix,0,50,0.0,0.0,0.0,0.0
object,lpips,prefix,1,50,0.12376871925778687,0.0424780547618866,0.20587100461125374,-0.006255276203155517
object,lpips,prefix,2,50,0.1472109402762726,0.06257107760757208,0.21000881865620613,-0.0058340322971344
object,lpips,prefix,3,50,0.15057133102789522,0.058925965800881386,0.21782109513878822,-0.0031257009506225585
object,lpips,prefix,4,50,0.13042973831295968,0.051796263083815575,0.20643168315291405,-0.004202418327331543
object,lpips,prefix,5,50,0.13233669873792678,0.04562427755445242,0.18861720338463783,-0.005042928457260132
object,lpips,prefix,6,50,0.14140080146491527,0.07464686594903469,0.19855867698788643,-0.011563981771469117
object,lpips,prefix,7,50,0.1377925472514471,0.06527150981128216,0.1998857632279396,-0.008265517950057984
object,lpips,prefix,8,50,0.13728442634339444,0.05582941044121981,0.19843925908207893,-0.0074573540687561035
object,lpips,prefix,9,50,0.1379459822154604,0.05698980391025543,0.19814346358180046,-0.008637529611587525
object,lpips,prefix,10,50,0.1378442035894841,0.0575814638286829,0.19881631806492805,-0.005596307516098023
object,lpips,suffix,0,50,0.1378442035894841,0.0575814638286829,0.19881631806492805,-0.005596307516098023
object,lpips,suffix,1,50,0.1514617813937366,0.059565573930740356,0.20840270444750786,-0.0036959362030029295
object,lpips,suffix,2,50,0.14076052104705014,0.07544549368321896,0.2084484100341797,0.0008034348487854004
object,lpips,suffix,3,50,0.11729544898029416,0.061313968151807785,0.16689004376530647,0.0008334517478942871
object,lpips,suffix,4,50,0.11889073201455176,0.05651606898754835,0.16324354708194733,-0.005044628381729126
object,lpips,suffix,5,50,0.09557385822758079,0.04413739591836929,0.14256881922483444,0.0006541383266448975
object,lpips,suffix,6,50,0.07961258308496326,0.04533707816153765,0.11530542559921741,-5.148887634277344e-05
object,lpips,suffix,7,50,0.04726281481795013,0.020380154717713594,0.06819582916796207,0.0003389763832092285
object,lpips,suffix,8,50,0.022482993872836234,0.013263383181765676,0.02960707526654005,-0.0002481579780578613
object,lpips,suffix,9,50,0.0032676372991409155,0.001492509851232171,0.004591799923218787,-0.000498344898223877
object,lpips,suffix,10,50,0.0,0.0,0.0,0.0
object,clipscore,prefix,0,50,0.8653113341331482,0.8264819979667664,0.9133374392986298,0.0
object,clipscore,prefix,1,50,0.8715666103363037,0.8177524209022522,0.912647008895874,-0.006255276203155517
object,clipscore,prefix,2,50,0.8711453664302826,0.8186986148357391,0.9103363752365112,-0.0058340322971344
object,clipscore,prefix,3,50,0.8684370350837708,0.8187101781368256,0.9244424998760223,-0.0031257009506225585
object,clipscore,prefix,4,50,0.8695137524604797,0.8280303925275803,0.9237460941076279,-0.004202418327331543
object,clipscore,prefix,5,50,0.8703542625904084,0.8266386091709137,0.9169502109289169,-0.005042928457260132
object,clipscore,prefix,6,50,0.8768753159046173,0.8269780874252319,0.9211708307266235,-0.011563981771469117
object,clipscore,prefix,7,50,0.8735768520832061,0.8258599489927292,0.9248574376106262,-0.008265517950057984
object,clipscore,prefix,8,50,0.8727686882019043,0.8223329782485962,0.9270497411489487,-0.0074573540687561035
object,clipscore,prefix,9,50,0.8739488637447357,0.8226667940616608,0.9257924556732178,-0.008637529611587525
object,clipscore,prefix,10,50,0.8709076416492462,0.8224456161260605,0.9220560789108276,-0.005596307516098023
object,clipscore,suffix,0,50,0.8709076416492462,0.8224456161260605,0.9220560789108276,-0.005596307516098023
object,clipscore,suffix,1,50,0.8690072703361511,0.8230839669704437,0.9145516157150269,-0.0036959362030029295
object,clipscore,suffix,2,50,0.8645078992843628,0.8106700479984283,0.9188800305128098,0.0008034348487854004
object,clipscore,suffix,3,50,0.8644778823852539,0.8183631747961044,0.9124366343021393,0.0008334517478942871
object,clipscore,suffix,4,50,0.8703559625148773,0.8175041675567627,0.9231463372707367,-0.005044628381729126
object,clipscore,suffix,5,50,0.8646571958065032,0.8090767562389374,0.9239942729473114,0.0006541383266448975
object,clipscore,suffix,6,50,0.865362823009491,0.8120942115783691,0.9171930700540543,-5.148887634277344e-05
object,clipscore,suffix,7,50,0.864972357749939,0.810886949300766,0.9122934937477112,0.0003389763832092285
object,clipscore,suffix,8,50,0.8655594921112061,0.8120937496423721,0.9101786762475967,-0.0002481579780578613
object,clipscore,suffix,9,50,0.8658096790313721,0.8299048244953156,0.9136811345815659,-0.000498344898223877
object,clipscore,suffix,10,50,0.8653113341331482,0.8264819979667664,0.9133374392986298,0.0
color,lpips,prefix,0,50,0.0,0.0,0.0,0.0
color,lpips,prefix,1,50,0.11872061111964285,0.05309213325381279,0.16843274980783463,-0.005437895059585572
color,lpips,prefix,2,50,0.11555591369979083,0.05473880376666784,0.16020866483449936,-0.003648463487625122
color,lpips,prefix,3,50,0.13247883634641766,0.06041279714554548,0.1708259880542755,-0.005859601497650147
color,lpips,prefix,4,50,0.13930167780257763,0.0522375488653779,0.19568653404712677,-0.001747763156890869
color,lpips,prefix,5,50,0.13892551995813845,0.051786147989332676,0.19512996450066566,-0.0005915844440460205
color,lpips,prefix,6,50,0.1426420515216887,0.06063094362616539,0.18599830567836761,0.00022423624992370605
color,lpips,prefix,7,50,0.14347919588442892,0.08098015561699867,0.1855221912264824,-0.0038816297054290773
color,lpips,prefix,8,50,0.14478957458399236,0.07424081303179264,0.18798549845814705,-0.0020026755332946777
color,lpips,prefix,9,50,0.14409594305092469,0.07418705523014069,0.18978719785809517,-0.003148620128631592
color,lpips,prefix,10,50,0.14396725840168073,0.07456216961145401,0.18977589532732964,-0.0032182240486145017
color,lpips,suffix,0,50,0.14396725840168073,0.07456216961145401,0.18977589532732964,-0.0032182240486145017
color,lpips,suffix,1,50,0.1351928216032684,0.07636966183781624,0.17795949429273605,-0.002457857131958008
color,lpips,suffix,2,50,0.12963383058202452,0.06030171737074852,0.17035990953445435,-0.0003428316116333008
color,lpips,suffix,3,50,0.12899326792918145,0.05883442983031273,0.17180921882390976,-0.0040001988410949705
color,lpips,suffix,4,50,0.10426683761179448,0.05574633460491896,0.14111345633864403,-0.0011584424972534179
color,lpips,suffix,5,50,0.10698650981299579,0.058322690427303314,0.14240075647830963,-0.002248262166976929
color,lpips,suffix,6,50,0.08513059753924608,0.05959733482450247,0.11575979925692081,-0.005529597997665405
color,lpips,suffix,7,50,0.04402926258277148,0.0200178362429142,0.06178364343941212,-0.0036401438713073732
color,lpips,suffix,8,50,0.019337250236421823,0.009302763035520911,0.029685277491807938,0.0013595247268676758
color,lpips,suffix,9,50,0.003308814549818635,0.0017290192190557718,0.004992572357878089,6.270289421081543e-05
color,lpips,suffix,10,50,0.0,0.0,0.0,0.0
color,clipscore,prefix,0,50,0.9018439745903015,0.861533060669899,0.9446021318435669,0.0
color,clipscore,prefix,1,50,0.9072818696498871,0.869162455201149,0.9531814455986023,-0.005437895059585572
color,clipscore,prefix,2,50,0.9054924380779267,0.8556599915027618,0.9518230259418488,-0.003648463487625122
color,clipscore,prefix,3,50,0.9077035760879517,0.8669379949569702,0.9540451765060425,-0.005859601497650147
color,clipscore,prefix,4,50,0.9035917377471924,0.8604827225208282,0.948357492685318,-0.001747763156890869
color,clipscore,prefix,5,50,0.9024355590343476,0.8616313934326172,0.948138028383255,-0.0005915844440460205
color,clipscore,prefix,6,50,0.9016197383403778,0.8674855083227158,0.9449388235807419,0.00022423624992370605
color,clipscore,prefix,7,50,0.9057256042957306,0.8648985773324966,0.9499565213918686,-0.0038816297054290773
color,clipscore,prefix,8,50,0.9038466501235962,0.860118180513382,0.9508356004953384,-0.0020026755332946777
color,clipscore,prefix,9,50,0.9049925947189331,0.8629172742366791,0.942596510052681,-0.003148620128631592
color,clipscore,prefix,10,50,0.905062198638916,0.8624570518732071,0.9451082944869995,-0.0032182240486145017
color,clipscore,suffix,0,50,0.905062198638916,0.8624570518732071,0.9451082944869995,-0.0032182240486145017
color,clipscore,suffix,1,50,0.9043018317222595,0.8641027808189392,0.9342102706432343,-0.002457857131958008
color,clipscore,suffix,2,50,0.9021868062019348,0.8678362518548965,0.9416484832763672,-0.0003428316116333008
color,clipscore,suffix,3,50,0.9058441734313964,0.8689091801643372,0.9453105628490448,-0.0040001988410949705
color,clipscore,suffix,4,50,0.9030024170875549,0.8568313121795654,0.9444171488285065,-0.0011584424972534179
color,clipscore,suffix,5,50,0.9040922367572785,0.8608928620815277,0.946359395980835,-0.002248262166976929
color,clipscore,suffix,6,50,0.9073735725879669,0.8716094791889191,0.9509399682283401,-0.005529597997665405
color,clipscore,suffix,7,50,0.9054841184616089,0.8725743144750595,0.9534136950969696,-0.0036401438713073732
color,clipscore,suffix,8,50,0.9004844498634338,0.861322358250618,0.9450384825468063,0.0013595247268676758
color,clipscore,suffix,9,50,0.9017812716960907,0.8716450482606888,0.9453478902578354,6.270289421081543e-05
color,clipscore,suffix,10,50,0.9018439745903015,0.861533060669899,0.9446021318435669,0.0
shape,lpips,prefix,0,50,0.0,0.0,0.0,0.0
shape,lpips,prefix,1,50,0.11783086005132645,0.048315505497157574,0.15576007962226868,0.0022007572650909425
shape,lpips,prefix,2,50,0.15751036222092807,0.05421147495508194,0.23458926007151604,0.0025785517692565917
shape,lpips,prefix,3,50,0.14432489268714563,0.04545379616320133,0.22384091094136238,0.0002850031852722168
shape,lpips,prefix,4,50,0.13767996951006353,0.04055267293006182,0.20184965431690216,-0.0020889663696289063
shape,lpips,prefix,5,50,0.13815527310594916,0.05618173535913229,0.19320808351039886,0.0009584414958953857
shape,lpips,prefix,6,50,0.13881852535530925,0.05309561546891928,0.189749114215374,-3.1142234802246095e-05
shape,lpips,prefix,7,50,0.13785751383751632,0.05176743306219578,0.17822615429759026,0.00025083780288696287
shape,lpips,prefix,8,50,0.1401633819192648,0.060700202360749245,0.18155863881111145,-0.0007145249843597412
shape,lpips,prefix,9,50,0.14016731867566704,0.06120563670992851,0.17945102229714394,-0.0009533905982971191
shape,lpips,prefix,10,50,0.14026824422180653,0.06255203392356634,0.17919209972023964,2.5393962860107423e-05
shape,lpips,suffix,0,50,0.14026824422180653,0.06255203392356634,0.17919209972023964,2.5393962860107423e-05
shape,lpips,suffix,1,50,0.15427001854404807,0.058706337586045265,0.24054508283734322,-0.0018546247482299804
shape,lpips,suffix,2,50,0.159093575081788,0.05979778245091438,0.2534315213561058,0.00013140439987182617
shape,lpips,suffix,3,50,0.11648557567445096,0.046657171100378036,0.16518577933311462,-0.003187611103057861
shape,lpips,suffix,4,50,0.10147397568216547,0.050251951441168785,0.13645383715629578,-0.0033895909786224366
shape,lpips,suffix,5,50,0.1033851835783571,0.06169785372912884,0.13427187502384186,-0.0033536410331726075
shape,lpips,suffix,6,50,0.07652475057635456,0.04296757932752371,0.1104075014591217,-0.0016363906860351564
shape,lpips,suffix,7,50,0.0465272594243288,0.024706780910491943,0.06853667832911015,0.00022266507148742675
shape,lpips,suffix,8,50,0.02234607848804444,0.013616817072033882,0.02845623902976513,-0.0012552034854888916
shape,lpips,suffix,9,50,0.0027702084684278817,0.0011289142130408436,0.0036576590500772,6.628751754760742e-05
shape,lpips,suffix,10,50,0.0,0.0,0.0,0.0
shape,clipscore,prefix,0,50,0.867687680721283,0.8266473114490509,0.9127700477838516,0.0
shape,clipscore,prefix,1,50,0.865486923456192,0.8253426998853683,0.9042795598506927,0.0022007572650909425
shape,clipscore,prefix,2,50,0.8651091289520264,0.8247767090797424,0.9029521942138672,0.0025785517692565917
shape,clipscore,prefix,3,50,0.8674026775360107,0.8269354850053787,0.9026862680912018,0.0002850031852722168
shape,clipscore,prefix,4,50,0.8697766470909118,0.829535186290741,0.9097878932952881,-0.0020889663696289063
shape,clipscore,prefix,5,50,0.8667292392253876,0.8167091906070709,0.9053099602460861,0.0009584414958953857
shape,clipscore,prefix,6,50,0.8677188229560852,0.8228362947702408,0.9014957547187805,-3.1142234802246095e-05
shape,clipscore,prefix,7,50,0.867436842918396,0.8290076106786728,0.9059275984764099,0.00025083780288696287
shape,clipscore,prefix,8,50,0.8684022057056427,0.8266446590423584,0.9072360098361969,-0.0007145249843597412
shape,clipscore,prefix,9,50,0.8686410713195801,0.8272790014743805,0.9127848297357559,-0.0009533905982971191
shape,clipscore,prefix,10,50,0.8676622867584228,0.8281862437725067,0.9119717180728912,2.5393962860107423e-05
shape,clipscore,suffix,0,50,0.8676622867584228,0.8281862437725067,0.9119717180728912,2.5393962860107423e-05
shape,clipscore,suffix,1,50,0.8695423054695129,0.8208728134632111,0.9094336330890656,-0.0018546247482299804
shape,clipscore,suffix,2,50,0.8675562763214111,0.8302262276411057,0.907826691865921,0.00013140439987182617
shape,clipscore,suffix,3,50,0.8708752918243409,0.8333947211503983,0.9084378480911255,-0.003187611103057861
shape,clipscore,suffix,4,50,0.8710772716999053,0.8278142362833023,0.9107943326234818,-0.0033895909786224366
shape,clipscore,suffix,5,50,0.8710413217544556,0.8322799056768417,0.9109448045492172,-0.0033536410331726075
shape,clipscore,suffix,6,50,0.8693240714073182,0.82493856549263,0.9081097543239594,-0.0016363906860351564
shape,clipscore,suffix,7,50,0.8674650156497955,0.822844848036766,0.9108321964740753,0.00022266507148742675
shape,clipscore,suffix,8,50,0.8689428842067719,0.8210934102535248,0.9100651741027832,-0.0012552034854888916
shape,clipscore,suffix,9,50,0.8676213932037353,0.8241523206233978,0.9074450731277466,6.628751754760742e-05
shape,clipscore,suffix,10,50,0.867687680721283,0.8266473114490509,0.9127700477838516,0.0
texture,lpips,prefix,0,50,0.0,0.0,0.0,0.0
texture,lpips,prefix,1,50,0.12811551336897536,0.024641324765980244,0.1577226221561432,-0.0039487481117248535
texture,lpips,prefix,2,50,0.1390370763093233,0.04132180102169514,0.21202459186315536,0.0004871129989624023
texture,lpips,prefix,3,50,0.13348447320517154,0.0459922980517149,0.1995987892150879,-0.005758861303329468
texture,lpips,prefix,4,50,0.13713804845232516,0.030805999413132668,0.20856549963355064,-0.005232517719268799
texture,lpips,prefix,5,50,0.1440542059368454,0.05757637694478035,0.2186185084283352,-0.005700112581253052
texture,lpips,prefix,6,50,0.13081833431497217,0.025667378213256598,0.20590616762638092,0.0004991734027862549
texture,lpips,prefix,7,50,0.14275249969214202,0.06678859330713749,0.2114451490342617,-0.0036889255046844483
texture,lpips,prefix,8,50,0.1395315862284042,0.0517691895365715,0.21255804225802422,-0.0020870840549468994
texture,lpips,prefix,9,50,0.14133900467306376,0.04644912388175726,0.21078018844127655,-0.0018966889381408691
texture,lpips,prefix,10,50,0.14134930666536094,0.04683067463338375,0.213174507021904,-0.0013823068141937255
texture,lpips,suffix,0,50,0.14134930666536094,0.04683067463338375,0.213174507021904,-0.0013823068141937255
texture,lpips,suffix,1,50,0.1438072391413152,0.05393509939312935,0.20991741865873337,-0.0011676836013793945
texture,lpips,suffix,2,50,0.15076653564348816,0.060434697195887566,0.23393644392490387,0.0012781810760498047
texture,lpips,suffix,3,50,0.13424914297647775,0.06415979936718941,0.2178325019776821,0.0012636780738830566
texture,lpips,suffix,4,50,0.10980381540954114,0.05538311693817377,0.1515619456768036,-0.0016900098323822021
texture,lpips,suffix,5,50,0.09651329951360822,0.05010803136974573,0.1478998176753521,0.0009804165363311767
texture,lpips,suffix,6,50,0.06957123881205916,0.03695744648575783,0.10171539336442947,-0.0027262043952941896
texture,lpips,suffix,7,50,0.04213628924684599,0.01967848977074027,0.059171149507164955,-0.00041511297225952146
texture,lpips,suffix,8,50,0.021952858968870715,0.013330894988030195,0.026297245174646378,0.003462367057800293
texture,lpips,suffix,9,50,0.003642991810338572,0.002071478869765997,0.0047174443025141954,0.0005417609214782715
texture,lpips,suffix,10,50,0.0,0.0,0.0,0.0
texture,clipscore,prefix,0,50,0.9102693891525269,0.8704806566238403,0.9623354822397232,0.0
texture,clipscore,prefix,1,50,0.9142181372642517,0.8827915191650391,0.9701478481292725,-0.0039487481117248535
texture,clipscore,prefix,2,50,0.9097822761535644,0.867726743221283,0.9642283916473389,0.0004871129989624023
texture,clipscore,prefix,3,50,0.9160282504558563,0.8740934729576111,0.9666791558265686,-0.005758861303329468
texture,clipscore,prefix,4,50,0.9155019068717957,0.8747648596763611,0.9612380862236023,-0.005232517719268799
texture,clipscore,prefix,5,50,0.9159695017337799,0.877022460103035,0.9555712640285492,-0.005700112581253052
texture,clipscore,prefix,6,50,0.9097702157497406,0.867820143699646,0.9602628648281097,0.0004991734027862549
texture,clipscore,prefix,7,50,0.9139583146572113,0.8637173920869827,0.9632568955421448,-0.0036889255046844483
texture,clipscore,prefix,8,50,0.9123564732074737,0.8656117171049118,0.9584466516971588,-0.0020870840549468994
texture,clipscore,prefix,9,50,0.9121660780906677,0.866401419043541,0.9553839713335037,-0.0018966889381408691
texture,clipscore,prefix,10,50,0.9116516959667206,0.8653958737850189,0.9540745764970779,-0.0013823068141937255
texture,clipscore,suffix,0,50,0.9116516959667206,0.8653958737850189,0.9540745764970779,-0.0013823068141937255
texture,clipscore,suffix,1,50,0.9114370727539063,0.878728911280632,0.9530979543924332,-0.0011676836013793945
texture,clipscore,suffix,2,50,0.908991208076477,0.8617965877056122,0.9544467478990555,0.0012781810760498047
texture,clipscore,suffix,3,50,0.9090057110786438,0.8715171068906784,0.9467809945344925,0.0012636780738830566
texture,clipscore,suffix,4,50,0.9119593989849091,0.8750557601451874,0.957181841135025,-0.0016900098323822021
texture,clipscore,suffix,5,50,0.9092889726161957,0.8643501549959183,0.960437148809433,0.0009804165363311767
texture,clipscore,suffix,6,50,0.912995593547821,0.8750886023044586,0.9511179327964783,-0.0027262043952941896
texture,clipscore,suffix,7,50,0.9106845021247864,0.8715481609106064,0.9548573791980743,-0.00041511297225952146
texture,clipscore,suffix,8,50,0.9068070220947265,0.877971813082695,0.9534936249256134,0.003462367057800293
texture,clipscore,suffix,9,50,0.9097276282310486,0.8715610206127167,0.9591602087020874,0.0005417609214782715
texture,clipscore,suffix,10,50,0.9102693891525269,0.8704806566238403,0.9623354822397232,0.0
count,lpips,prefix,0,50,0.0,0.0,0.0,0.0
count,lpips,prefix,1,50,0.14289777111262084,0.06800328381359577,0.17946548387408257,0.006655483245849609
count,lpips,prefix,2,50,0.18270003646612168,0.08619899302721024,0.2616640366613865,0.0053396236896514895
count,lpips,prefix,3,50,0.1960573076363653,0.0915344450622797,0.28952183574438095,0.007094517946243286
count,lpips,prefix,4,50,0.1818662006780505,0.07882226444780827,0.24445917829871178,0.0070999467372894285
count,lpips,prefix,5,50,0.18801249230280517,0.0851003285497427,0.26543884724378586,0.007912912368774415
count,lpips,prefix,6,50,0.1864275434240699,0.0815560631453991,0.265080951154232,0.005397583246231079
count,lpips,prefix,7,50,0.18967812107875942,0.08513437584042549,0.26904381811618805,0.012406831979751587
count,lpips,prefix,8,50,0.1893152470141649,0.0899286288768053,0.26479168981313705,0.01325048804283142
count,lpips,prefix,9,50,0.18826270379126073,0.0811211708933115,0.2622213587164879,0.010996299982070922
count,lpips,prefix,10,50,0.18818925919011234,0.08043866604566574,0.26192211359739304,0.01157808780670166
count,lpips,suffix,0,50,0.18818925919011234,0.08043866604566574,0.26192211359739304,0.01157808780670166
count,lpips,suffix,1,50,0.20019948810338975,0.09061740711331367,0.2646019980311394,0.008386539220809936
count,lpips,suffix,2,50,0.14752413749694823,0.06701809354126453,0.21138614416122437,0.007186421155929565
count,lpips,suffix,3,50,0.14590031628031283,0.07269911468029022,0.20879362896084785,0.007050989866256714
count,lpips,suffix,4,50,0.13508925633504987,0.0760906171053648,0.17876067012548447,0.012793951034545899
count,lpips,suffix,5,50,0.10618302948772908,0.07238314859569073,0.13710400089621544,0.004422892332077027
count,lpips,suffix,6,50,0.09737693293020129,0.06833249516785145,0.13098383322358131,0.008024158477783204
count,lpips,suffix,7,50,0.0616687292791903,0.02875309670343995,0.08896877616643906,-0.0006484651565551758
count,lpips,suffix,8,50,0.025228686986956746,0.01472316775470972,0.03457583952695131,0.002218447923660278
count,lpips,suffix,9,50,0.004261059481650591,0.0023698799195699394,0.00582154409494251,-0.0006371188163757324
count,lpips,suffix,10,50,0.0,0.0,0.0,0.0
count,clipscore,prefix,0,50,0.8683300471305847,0.8209748566150665,0.9306959062814713,0.0
count,clipscore,prefix,1,50,0.8616745638847351,0.8149362951517105,0.9079622477293015,0.006655483245849609
count,clipscore,prefix,2,50,0.8629904234409332,0.8114836812019348,0.9168890863656998,0.0053396236896514895
count,clipscore,prefix,3,50,0.8612355291843414,0.8184969425201416,0.919853001832962,0.007094517946243286
count,clipscore,prefix,4,50,0.8612301003932953,0.8185766041278839,0.9324001222848892,0.0070999467372894285
count,clipscore,prefix,5,50,0.8604171347618103,0.8088603317737579,0.913372203707695,0.007912912368774415
count,clipscore,prefix,6,50,0.8629324638843536,0.8205154240131378,0.9196166545152664,0.005397583246231079
count,clipscore,prefix,7,50,0.8559232151508331,0.8090946078300476,0.9082656651735306,0.012406831979751587
count,clipscore,prefix,8,50,0.8550795590877533,0.8008645176887512,0.9199129343032837,0.01325048804283142
count,clipscore,prefix,9,50,0.8573337471485138,0.7999536693096161,0.9238709360361099,0.010996299982070922
count,clipscore,prefix,10,50,0.856751959323883,0.8016319572925568,0.9246229529380798,0.01157808780670166
count,clipscore,suffix,0,50,0.856751959323883,0.8016319572925568,0.9246229529380798,0.01157808780670166
count,clipscore,suffix,1,50,0.8599435079097748,0.8029971420764923,0.9186641275882721,0.008386539220809936
count,clipscore,suffix,2,50,0.8611436259746551,0.8202770799398422,0.915762260556221,0.007186421155929565
count,clipscore,suffix,3,50,0.861279057264328,0.8111324906349182,0.9045363962650299,0.007050989866256714
count,clipscore,suffix,4,50,0.8555360960960389,0.8068115413188934,0.9048350304365158,0.012793951034545899
count,clipscore,suffix,5,50,0.8639071547985077,0.8107554018497467,0.9233667552471161,0.004422892332077027
count,clipscore,suffix,6,50,0.8603058886528016,0.80705626308918,0.9288403987884521,0.008024158477783204
count,clipscore,suffix,7,50,0.8689785122871398,0.8192570954561234,0.923064723610878,-0.0006484651565551758
count,clipscore,suffix,8,50,0.8661115992069245,0.817345455288887,0.9257244765758514,0.002218447923660278
count,clipscore,suffix,9,50,0.8689671659469604,0.8238410651683807,0.9325212687253952,-0.0006371188163757324
count,clipscore,suffix,10,50,0.8683300471305847,0.8209748566150665,0.9306959062814713,0.0
spatial_relation,lpips,prefix,0,50,0.0,0.0,0.0,0.0
spatial_relation,lpips,prefix,1,50,0.12028918700525537,0.055688632652163506,0.1721714586019516,-0.007908512353897095
spatial_relation,lpips,prefix,2,50,0.12306783765554428,0.07388703338801861,0.15311187133193016,-0.006964013576507568
spatial_relation,lpips,prefix,3,50,0.1318728556856513,0.07020020857453346,0.15057235956192017,-0.00434063196182251
spatial_relation,lpips,prefix,4,50,0.11885772084817291,0.03805011045187712,0.16484234482049942,-0.00540554404258728
spatial_relation,lpips,prefix,5,50,0.13345072642434389,0.0701733585447073,0.17710914090275764,-0.005811548233032227
spatial_relation,lpips,prefix,6,50,0.13307604286819696,0.06139924190938473,0.1726515032351017,-0.0035695314407348635
spatial_relation,lpips,prefix,7,50,0.13452802596148103,0.06762958876788616,0.17596372589468956,0.0006907439231872559
spatial_relation,lpips,prefix,8,50,0.13322081440943292,0.06287250202149153,0.17562183365225792,-0.0012943291664123536
spatial_relation,lpips,prefix,9,50,0.13364032668992876,0.06437174417078495,0.18098002672195435,0.00026949048042297364
spatial_relation,lpips,prefix,10,50,0.13364921687170864,0.06359003018587828,0.18024644255638123,-0.0009081482887268067
spatial_relation,lpips,suffix,0,50,0.13364921687170864,0.06359003018587828,0.18024644255638123,-0.0009081482887268067
spatial_relation,lpips,suffix,1,50,0.12883462592959405,0.07064160518348217,0.16727419942617416,-0.002446439266204834
spatial_relation,lpips,suffix,2,50,0.10965093836188317,0.03517210762947798,0.15980129688978195,-0.002172396183013916
spatial_relation,lpips,suffix,3,50,0.12341478525660932,0.05050932057201862,0.17449146136641502,-0.003577214479446411
spatial_relation,lpips,suffix,4,50,0.114151351749897,0.06226431019604206,0.16913438215851784,-0.0019330883026123047
spatial_relation,lpips,suffix,5,50,0.09934694018214942,0.05077624227851629,0.1350068263709545,-0.0016275393962860108
spatial_relation,lpips,suffix,6,50,0.07601466592401267,0.04002844449132681,0.0987801868468523,-0.0016905045509338378
spatial_relation,lpips,suffix,7,50,0.050460163946263493,0.028940838761627674,0.07383726164698601,-0.00214777946472168
spatial_relation,lpips,suffix,8,50,0.020954722355818377,0.009727864991873503,0.029681571759283543,-0.0002813756465911865
spatial_relation,lpips,suffix,9,50,0.0028996336698764937,0.001527017739135772,0.004118742537684739,0.00013822793960571289
spatial_relation,lpips,suffix,10,50,0.0,0.0,0.0,0.0
spatial_relation,clipscore,prefix,0,50,0.8795398581027984,0.8468290865421295,0.9203850775957108,0.0
spatial_relation,clipscore,prefix,1,50,0.8874483704566956,0.8337629437446594,0.931131437420845,-0.007908512353897095
spatial_relation,clipscore,prefix,2,50,0.886503871679306,0.8436048328876495,0.9239905029535294,-0.006964013576507568
spatial_relation,clipscore,prefix,3,50,0.883880490064621,0.8444537967443466,0.9214225113391876,-0.00434063196182251
spatial_relation,clipscore,prefix,4,50,0.8849454021453858,0.8437725752592087,0.9290263652801514,-0.00540554404258728
spatial_relation,clipscore,prefix,5,50,0.8853514063358306,0.8506293296813965,0.9264532625675201,-0.005811548233032227
spatial_relation,clipscore,prefix,6,50,0.8831093895435334,0.8423940986394882,0.9307781755924225,-0.0035695314407348635
spatial_relation,clipscore,prefix,7,50,0.8788491141796112,0.8375018537044525,0.9166079461574554,0.0006907439231872559
spatial_relation,clipscore,prefix,8,50,0.8808341872692108,0.8317682892084122,0.9209047257900238,-0.0012943291664123536
spatial_relation,clipscore,prefix,9,50,0.8792703676223755,0.8351632654666901,0.9199546575546265,0.00026949048042297364
spatial_relation,clipscore,prefix,10,50,0.8804480063915253,0.834464967250824,0.9164806008338928,-0.0009081482887268067
spatial_relation,clipscore,suffix,0,50,0.8804480063915253,0.834464967250824,0.9164806008338928,-0.0009081482887268067
spatial_relation,clipscore,suffix,1,50,0.8819862973690032,0.8396829217672348,0.9305162876844406,-0.002446439266204834
spatial_relation,clipscore,suffix,2,50,0.8817122542858123,0.833088681101799,0.9190545231103897,-0.002172396183013916
spatial_relation,clipscore,suffix,3,50,0.8831170725822449,0.8251774460077286,0.9322214871644974,-0.003577214479446411
spatial_relation,clipscore,suffix,4,50,0.8814729464054107,0.8276099860668182,0.9306478649377823,-0.0019330883026123047
spatial_relation,clipscore,suffix,5,50,0.8811673974990845,0.8400800377130508,0.9329207241535187,-0.0016275393962860108
spatial_relation,clipscore,suffix,6,50,0.8812303626537323,0.8488361090421677,0.9179406017065048,-0.0016905045509338378
spatial_relation,clipscore,suffix,7,50,0.8816876375675201,0.84552401304245,0.9215312749147415,-0.00214777946472168
spatial_relation,clipscore,suffix,8,50,0.8798212337493897,0.8481334298849106,0.9226242750883102,-0.0002813756465911865
spatial_relation,clipscore,suffix,9,50,0.8794016301631927,0.8469047248363495,0.9185670465230942,0.00013822793960571289
spatial_relation,clipscore,suffix,10,50,0.8795398581027984,0.8468290865421295,0.9203850775957108,0.0
